{
    "name": "root",
    "gauges": {
        "RobotArticulation.Policy.Entropy.mean": {
            "value": 0.3215697705745697,
            "min": 0.3215697705745697,
            "max": 1.4189382791519165,
            "count": 73
        },
        "RobotArticulation.Environment.EpisodeLength.mean": {
            "value": 0.0,
            "min": 0.0,
            "max": 0.0,
            "count": 73
        },
        "RobotArticulation.Policy.ExtrinsicValueEstimate.mean": {
            "value": 0.41627028584480286,
            "min": -0.09984969347715378,
            "max": 0.41627028584480286,
            "count": 73
        },
        "RobotArticulation.Environment.CumulativeReward.mean": {
            "value": 0.411945658326149,
            "min": 0.23687150761485098,
            "max": 0.418502445563674,
            "count": 73
        },
        "RobotArticulation.Policy.ExtrinsicReward.mean": {
            "value": 0.40370675301551817,
            "min": 0.23213408181071282,
            "max": 0.4101324044317007,
            "count": 73
        },
        "RobotArticulation.IsTraining.mean": {
            "value": 1.0,
            "min": 1.0,
            "max": 1.0,
            "count": 73
        },
        "RobotArticulation.Losses.ValueLoss.mean": {
            "value": 0.01523991022258997,
            "min": 0.009390952996909618,
            "max": 0.031765520572662354,
            "count": 35
        },
        "RobotArticulation.Losses.PolicyLoss.mean": {
            "value": 0.06915801018476486,
            "min": 0.055995989590883255,
            "max": 0.08889450877904892,
            "count": 35
        },
        "RobotArticulation.Policy.LearningRate.mean": {
            "value": 0.0002828500873874873,
            "min": 0.0002828500873874873,
            "max": 0.0009795100195333362,
            "count": 35
        },
        "RobotArticulation.Policy.Epsilon.mean": {
            "value": 0.1424275040626526,
            "min": 0.1424275040626526,
            "max": 0.24692653119564056,
            "count": 35
        },
        "RobotArticulation.Policy.Beta.mean": {
            "value": 0.0002900215331465006,
            "min": 0.0002900215331465006,
            "max": 0.0009797150269150734,
            "count": 35
        }
    },
    "metadata": {
        "timer_format_version": "0.1.0",
        "start_time_seconds": "1609682455",
        "python_version": "3.7.9 (default, Aug 31 2020, 17:10:11) [MSC v.1916 64 bit (AMD64)]",
        "command_line_arguments": "C:\\Users\\Dechert\\.conda\\envs\\ml-agents\\Scripts\\mlagents-learn configuration.yaml --run-id=V3",
        "mlagents_version": "0.23.0",
        "mlagents_envs_version": "0.23.0",
        "communication_protocol_version": "1.3.0",
        "pytorch_version": "1.6.0",
        "numpy_version": "1.18.5",
        "end_time_seconds": "1609710317"
    },
    "total": 27862.2902306,
    "count": 1,
    "self": 0.00613369999700808,
    "children": {
        "run_training.setup": {
            "total": 0.013210799999999967,
            "count": 1,
            "self": 0.013210799999999967
        },
        "TrainerController.start_learning": {
            "total": 27862.270886100003,
            "count": 1,
            "self": 4.467175899560971,
            "children": {
                "TrainerController._reset_env": {
                    "total": 13.263450299999999,
                    "count": 1,
                    "self": 13.263450299999999
                },
                "TrainerController.advance": {
                    "total": 27841.75037100044,
                    "count": 146116,
                    "self": 2.126662200291321,
                    "children": {
                        "env_step": {
                            "total": 27839.623708800147,
                            "count": 146116,
                            "self": 27781.303997300143,
                            "children": {
                                "SubprocessEnvManager._take_step": {
                                    "total": 56.03114510016269,
                                    "count": 146116,
                                    "self": 6.384760199871707,
                                    "children": {
                                        "TFPolicy.evaluate": {
                                            "total": 49.64638490029098,
                                            "count": 73058,
                                            "self": 49.64638490029098
                                        }
                                    }
                                },
                                "workers": {
                                    "total": 2.2885663998424857,
                                    "count": 146115,
                                    "self": 0.0,
                                    "children": {
                                        "worker_root": {
                                            "total": 27841.785272799032,
                                            "count": 146115,
                                            "is_parallel": true,
                                            "self": 192.2283365993717,
                                            "children": {
                                                "steps_from_proto": {
                                                    "total": 0.0002636999999996448,
                                                    "count": 1,
                                                    "is_parallel": true,
                                                    "self": 8.77999999993051e-05,
                                                    "children": {
                                                        "_process_vector_observation": {
                                                            "total": 0.00017590000000033967,
                                                            "count": 2,
                                                            "is_parallel": true,
                                                            "self": 0.00017590000000033967
                                                        }
                                                    }
                                                },
                                                "UnityEnvironment.step": {
                                                    "total": 27649.55667249966,
                                                    "count": 146115,
                                                    "is_parallel": true,
                                                    "self": 12.17269909917377,
                                                    "children": {
                                                        "UnityEnvironment._generate_step_input": {
                                                            "total": 14.359094699609829,
                                                            "count": 146115,
                                                            "is_parallel": true,
                                                            "self": 14.359094699609829
                                                        },
                                                        "communicator.exchange": {
                                                            "total": 27596.35212080037,
                                                            "count": 146115,
                                                            "is_parallel": true,
                                                            "self": 27596.35212080037
                                                        },
                                                        "steps_from_proto": {
                                                            "total": 26.672757900509534,
                                                            "count": 146115,