{
    "name": "root",
    "metadata": {
        "timer_format_version": "0.1.0",
        "start_time_seconds": "1609942444",
        "python_version": "3.7.9 (default, Aug 31 2020, 17:10:11) [MSC v.1916 64 bit (AMD64)]",
        "command_line_arguments": "C:\\Users\\Dechert\\.conda\\envs\\ml-agents\\Scripts\\mlagents-learn configuration.yaml --run-id=V2",
        "mlagents_version": "0.23.0",
        "mlagents_envs_version": "0.23.0",
        "communication_protocol_version": "1.3.0",
        "pytorch_version": "1.6.0",
        "numpy_version": "1.18.5",
        "end_time_seconds": "1609942467"
    },
    "total": 22.5346488,
    "count": 1,
    "self": 0.005333399999997823,
    "children": {
        "run_training.setup": {
            "total": 0.015417400000000026,
            "count": 1,
            "self": 0.015417400000000026
        },
        "TrainerController.start_learning": {
            "total": 22.513898,
            "count": 1,
            "self": 0.02786059999997903,
            "children": {
                "TrainerController._reset_env": {
                    "total": 9.1291366,
                    "count": 1,
                    "self": 9.1291366
                },
                "TrainerController.advance": {
                    "total": 10.85943860000002,
                    "count": 653,
                    "self": 0.009550700000033885,
                    "children": {
                        "env_step": {
                            "total": 10.849887899999986,
                            "count": 653,
                            "self": 10.531593399999936,
                            "children": {
                                "SubprocessEnvManager._take_step": {
                                    "total": 0.3092595000000582,
                                    "count": 653,
                                    "self": 0.028638900000016676,
                                    "children": {
                                        "TFPolicy.evaluate": {
                                            "total": 0.2806206000000415,
                                            "count": 330,
                                            "self": 0.2806206000000415
                                        }
                                    }
                                },
                                "workers": {
                                    "total": 0.00903499999999191,
                                    "count": 652,
                                    "self": 0.0,
                                    "children": {
                                        "worker_root": {
                                            "total": 12.12981569999996,
                                            "count": 652,
                                            "is_parallel": true,
                                            "self": 2.1679811999999608,
                                            "children": {
                                                "steps_from_proto": {
                                                    "total": 0.00028429999999968203,
                                                    "count": 1,
                                                    "is_parallel": true,
                                                    "self": 8.349999999968105e-05,
                                                    "children": {
                                                        "_process_vector_observation": {
                                                            "total": 0.00020080000000000098,
                                                            "count": 2,
                                                            "is_parallel": true,
                                                            "self": 0.00020080000000000098
                                                        }
                                                    }
                                                },
                                                "UnityEnvironment.step": {
                                                    "total": 9.961550199999998,
                                                    "count": 652,
                                                    "is_parallel": true,
                                                    "self": 0.050147300000057626,
                                                    "children": {
                                                        "UnityEnvironment._generate_step_input": {
                                                            "total": 0.06096289999998383,
                                                            "count": 652,
                                                            "is_parallel": true,
                                                            "self": 0.06096289999998383
                                                        },
                                                        "communicator.exchange": {
                                                            "total": 9.737497999999995,
                                                            "count": 652,
                                                            "is_parallel": true,
                                                            "self": 9.737497999999995
                                                        },
                                                        "steps_from_proto": {
                                                            "total": 0.11294199999996124,
                                                            "count": 652,
                                                            "is_parallel": true,
                                                            "self": 0.0445021999999522,
                                                            "children": {
                                                                "_process_vector_observation": {
                                                                    "total": 0.06843980000000904,
                                                                    "count": 1304,
                                                                    "is_parallel": true,
                                                                    "self": 0.06843980000000904
                                                                }
                                                            }
                                                        }
                                                    }
                                                }
                                            }
                                        }
                                    }
                                }
                            }
                        }
                    }
                },
                "trainer_threads": {
                    "total": 2.569999999835204e-05,
                    "count": 1,
                    "self": 2.569999999835204e-05,
                    "children": {
                        "thread_root": {
                            "total": 0.0,
                            "count": 0,
                            "is_parallel": true,
                            "self": 0.0,
                            "children": {
                                "trainer_advance": {
                                    "total": 10.866875999999952,
                                    "count": 981,
                                    "is_parallel": true,
                                    "self": 0.04085969999992223,
                                    "children": {
                                        "process_trajectory": {
                                            "total": 10.82601630000003,
                                            "count": 981,
                                            "is_parallel": true,