{
    "name": "root",
    "gauges": {
        "RobotArticulationMulti.Policy.Entropy.mean": {
            "value": -0.031441543251276016,
            "min": -0.031441543251276016,
            "max": 1.417055368423462,
            "count": 250
        },
        "RobotArticulationMulti.Environment.EpisodeLength.mean": {
            "value": 0.0,
            "min": 0.0,
            "max": 0.0,
            "count": 250
        },
        "RobotArticulationMulti.Policy.ExtrinsicValueEstimate.mean": {
            "value": 0.923469603061676,
            "min": -0.08393103629350662,
            "max": 0.92881840467453,
            "count": 250
        },
        "RobotArticulationMulti.Environment.CumulativeReward.mean": {
            "value": 0.9702913715541363,
            "min": 0.36515782441198824,
            "max": 0.9788736693263054,
            "count": 250
        },
        "RobotArticulationMulti.Policy.ExtrinsicReward.mean": {
            "value": 0.9217767916023731,
            "min": 0.34689992867410185,
            "max": 0.92992997443676,
            "count": 250
        },
        "RobotArticulationMulti.Losses.ValueLoss.mean": {
            "value": 0.008786462247371674,
            "min": 0.006656119134277105,
            "max": 0.45704683661460876,
            "count": 250
        },
        "RobotArticulationMulti.Losses.PolicyLoss.mean": {
            "value": 0.04908454790711403,
            "min": 0.025273576378822327,
            "max": 0.0904260128736496,
            "count": 250
        },
        "RobotArticulationMulti.Policy.LearningRate.mean": {
            "value": 7.451131409652589e-07,
            "min": 7.451131409652589e-07,
            "max": 0.000498973939102143,
            "count": 250
        },
        "RobotArticulationMulti.Policy.Epsilon.mean": {
            "value": 0.10000000149011612,
            "min": 0.10000000149011612,
            "max": 0.10000000149011612,
            "count": 250
        },
        "RobotArticulationMulti.Policy.Beta.mean": {
            "value": 1.1475125575088896e-05,
            "min": 1.1475125575088896e-05,
            "max": 0.0009979687165468931,
            "count": 250
        },
        "RobotArticulationMulti.IsTraining.mean": {
            "value": 1.0,
            "min": 1.0,
            "max": 1.0,
            "count": 250
        }
    },
    "metadata": {
        "timer_format_version": "0.1.0",
        "start_time_seconds": "1609942650",
        "python_version": "3.7.9 (default, Aug 31 2020, 17:10:11) [MSC v.1916 64 bit (AMD64)]",
        "command_line_arguments": "C:\\Users\\Dechert\\.conda\\envs\\ml-agents\\Scripts\\mlagents-learn configuration.yaml --run-id=V3",
        "mlagents_version": "0.23.0",
        "mlagents_envs_version": "0.23.0",
        "communication_protocol_version": "1.3.0",
        "pytorch_version": "1.6.0",
        "numpy_version": "1.18.5",
        "end_time_seconds": "1609956392"
    },
    "total": 13742.8634741,
    "count": 1,
    "self": 0.018508499999370542,
    "children": {
        "run_training.setup": {
            "total": 0.012700099999999992,
            "count": 1,
            "self": 0.012700099999999992
        },
        "TrainerController.start_learning": {
            "total": 13742.832265500001,
            "count": 1,
            "self": 13.914462899510909,
            "children": {
                "TrainerController._reset_env": {
                    "total": 10.8089975,
                    "count": 1,
                    "self": 10.8089975
                },
                "TrainerController.advance": {
                    "total": 13715.79388440049,
                    "count": 493244,
                    "self": 7.011588300038056,
                    "children": {
                        "env_step": {
                            "total": 13708.782296100451,
                            "count": 493244,
                            "self": 13519.571907700532,
                            "children": {
                                "SubprocessEnvManager._take_step": {
                                    "total": 181.84492109986553,
                                    "count": 493244,
                                    "self": 20.414866299878554,
                                    "children": {
                                        "TFPolicy.evaluate": {
                                            "total": 161.43005479998698,
                                            "count": 248263,
                                            "self": 161.43005479998698
                                        }
                                    }
                                },
                                "workers": {
                                    "total": 7.36546730005308,
                                    "count": 493244,
                                    "self": 0.0,
                                    "children": {
                                        "worker_root": {
                                            "total": 13717.193213599661,
                                            "count": 493244,
                                            "is_parallel": true,
                                            "self": 698.9318140993091,
                                            "children": {
                                                "steps_from_proto": {
                                                    "total": 0.0002785000000002924,
                                                    "count": 1,
                                                    "is_parallel": true,
                                                    "self": 8.109999999916795e-05,
                                                    "children": {
                                                        "_process_vector_observation": {
                                                            "total": 0.00019740000000112445,
                                                            "count": 2,
                                                            "is_parallel": true,
                                                            "self": 0.00019740000000112445
                                                        }
                                                    }
                                                },
                                                "UnityEnvironment.step": {
                                                    "total": 13018.261121000352,
                                                    "count": 493244,
                                                    "is_parallel": true,
                                                    "self": 34.441371201170114,
                                                    "children": {
                                                        "UnityEnvironment._generate_step_input": {
                                                            "total": 41.628520399705586,
                                                            "count": 493244,
                                                            "is_parallel": true,
                                                            "self": 41.628520399705586
                                                        },
                                                        "communicator.exchange": {
                                                            "total": 12860.585500599384,
                                                            "count": 493244,
                                                            "is_parallel": true,
                                                            "self": 12860.585500599384
                                                        },
                                                        "steps_from_proto": {
                                                            "total": 81.60572880009381,