{
    "name": "root",
    "gauges": {
        "RobotArticulationMulti.Policy.Entropy.mean": {
            "value": 0.8025716543197632,
            "min": 0.8025716543197632,
            "max": 1.4175649881362915,
            "count": 67
        },
        "RobotArticulationMulti.Environment.EpisodeLength.mean": {
            "value": 0.0,
            "min": 0.0,
            "max": 0.0,
            "count": 67
        },
        "RobotArticulationMulti.Policy.ExtrinsicValueEstimate.mean": {
            "value": 0.4552706182003021,
            "min": -0.11938647925853729,
            "max": 0.4552706182003021,
            "count": 67
        },
        "RobotArticulationMulti.Environment.CumulativeReward.mean": {
            "value": 0.47183767761290074,
            "min": 0.2552623704776869,
            "max": 0.47183767761290074,
            "count": 67
        },
        "RobotArticulationMulti.Policy.ExtrinsicReward.mean": {
            "value": 0.44824578915536406,
            "min": 0.2424992489534336,
            "max": 0.44824578915536406,
            "count": 67
        },
        "RobotArticulationMulti.Losses.ValueLoss.mean": {
            "value": 0.003440276486799121,
            "min": 0.003440276486799121,
            "max": 0.4991830587387085,
            "count": 67
        },
        "RobotArticulationMulti.Losses.PolicyLoss.mean": {
            "value": 0.05324952304363251,
            "min": 0.038608573377132416,
            "max": 0.08985145390033722,
            "count": 67
        },
        "RobotArticulationMulti.Policy.LearningRate.mean": {
            "value": 0.00036711699794977903,
            "min": 0.00036711699794977903,
            "max": 0.000498973939102143,
            "count": 67
        },
        "RobotArticulationMulti.Policy.Epsilon.mean": {
            "value": 0.10000000149011612,
            "min": 0.10000000149011612,
            "max": 0.10000000149011612,
            "count": 67
        },
        "RobotArticulationMulti.Policy.Beta.mean": {
            "value": 0.0007368916994892061,
            "min": 0.0007368916994892061,
            "max": 0.0009979687165468931,
            "count": 67
        },
        "RobotArticulationMulti.IsTraining.mean": {
            "value": 1.0,
            "min": 1.0,
            "max": 1.0,
            "count": 67
        }
    },
    "metadata": {
        "timer_format_version": "0.1.0",
        "start_time_seconds": "1610027207",
        "python_version": "3.7.9 (default, Aug 31 2020, 17:10:11) [MSC v.1916 64 bit (AMD64)]",
        "command_line_arguments": "C:\\Users\\Dechert\\.conda\\envs\\ml-agent-unity\\Scripts\\mlagents-learn configuration.yaml --run-id=V5",
        "mlagents_version": "0.23.0",
        "mlagents_envs_version": "0.23.0",
        "communication_protocol_version": "1.3.0",
        "pytorch_version": "1.7.1+cu110",
        "numpy_version": "1.18.5",
        "end_time_seconds": "1610031450"
    },
    "total": 4242.9480109999995,
    "count": 1,
    "self": 0.013496200000190584,
    "children": {
        "run_training.setup": {
            "total": 0.013895900000000072,
            "count": 1,
            "self": 0.013895900000000072
        },
        "TrainerController.start_learning": {
            "total": 4242.9206189,
            "count": 1,
            "self": 4.001714600033665,
            "children": {
                "TrainerController._reset_env": {
                    "total": 16.782729,
                    "count": 1,
                    "self": 16.782729
                },
                "TrainerController.advance": {
                    "total": 4221.583469099966,
                    "count": 132567,
                    "self": 2.0824235999298253,
                    "children": {
                        "env_step": {
                            "total": 4219.5010455000365,
                            "count": 132567,
                            "self": 4162.769868500165,
                            "children": {
                                "SubprocessEnvManager._take_step": {
                                    "total": 54.69116870003522,
                                    "count": 132567,
                                    "self": 6.439975700015566,
                                    "children": {
                                        "TFPolicy.evaluate": {
                                            "total": 48.251193000019654,
                                            "count": 66668,
                                            "self": 48.251193000019654
                                        }
                                    }
                                },
                                "workers": {
                                    "total": 2.040008299835808,
                                    "count": 132566,
                                    "self": 0.0,
                                    "children": {
                                        "worker_root": {
                                            "total": 4222.627775399972,
                                            "count": 132566,
                                            "is_parallel": true,
                                            "self": 198.5939178000549,
                                            "children": {
                                                "steps_from_proto": {
                                                    "total": 0.0003192999999992452,
                                                    "count": 1,
                                                    "is_parallel": true,
                                                    "self": 8.949999999963154e-05,
                                                    "children": {
                                                        "_process_vector_observation": {
                                                            "total": 0.00022979999999961365,
                                                            "count": 2,
                                                            "is_parallel": true,
                                                            "self": 0.00022979999999961365
                                                        }
                                                    }
                                                },
                                                "UnityEnvironment.step": {
                                                    "total": 4024.0335382999174,
                                                    "count": 132566,
                                                    "is_parallel": true,
                                                    "self": 12.948166199890238,
                                                    "children": {
                                                        "UnityEnvironment._generate_step_input": {
                                                            "total": 6.41296719995934,
                                                            "count": 132566,
                                                            "is_parallel": true,
                                                            "self": 6.41296719995934
                                                        },
                                                        "communicator.exchange": {
                                                            "total": 3979.7864101999967,
                                                            "count": 132566,
                                                            "is_parallel": true,
                                                            "self": 3979.7864101999967
                                                        },
                                                        "steps_from_proto": {
                                                            "total": 24.885994700070984,