{
    "name": "root",
    "gauges": {
        "RobotArticulation.Policy.Entropy.mean": {
            "value": 1.3938335180282593,
            "min": 1.3938335180282593,
            "max": 1.418938398361206,
            "count": 26
        },
        "RobotArticulation.Environment.EpisodeLength.mean": {
            "value": 0.0,
            "min": 0.0,
            "max": 0.0,
            "count": 26
        },
        "RobotArticulation.Policy.ExtrinsicValueEstimate.mean": {
            "value": 2.697831630706787,
            "min": 0.03423800319433212,
            "max": 2.697831630706787,
            "count": 26
        },
        "RobotArticulation.Environment.CumulativeReward.mean": {
            "value": 24.67400221288204,
            "min": 12.040242669939994,
            "max": 28.402055140137673,
            "count": 26
        },
        "RobotArticulation.Policy.ExtrinsicReward.mean": {
            "value": 23.440302093148233,
            "min": 11.438230521321296,
            "max": 26.9819523717165,
            "count": 26
        },
        "RobotArticulation.IsTraining.mean": {
            "value": 1.0,
            "min": 1.0,
            "max": 1.0,
            "count": 26
        },
        "RobotArticulation.Losses.PolicyLoss.mean": {
            "value": 0.0684835961049733,
            "min": 0.05026566136317948,
            "max": 0.07403795027251665,
            "count": 6
        },
        "RobotArticulation.Losses.ValueLoss.mean": {
            "value": 2104.5766677856445,
            "min": 1045.744105021159,
            "max": 2104.5766677856445,
            "count": 6
        },
        "RobotArticulation.Policy.LearningRate.mean": {
            "value": 0.00011559006146999997,
            "min": 0.00011559006146999997,
            "max": 0.000269265010245,
            "count": 6
        },
        "RobotArticulation.Policy.Epsilon.mean": {
            "value": 0.13853000000000001,
            "min": 0.13853000000000001,
            "max": 0.189755,
            "count": 6
        },
        "RobotArticulation.Policy.Beta.mean": {
            "value": 0.000391447,
            "min": 0.000391447,
            "max": 0.0008985744999999999,
            "count": 6
        }
    },
    "metadata": {
        "timer_format_version": "0.1.0",
        "start_time_seconds": "1609624825",
        "python_version": "3.7.9 (default, Aug 31 2020, 17:10:11) [MSC v.1916 64 bit (AMD64)]",
        "command_line_arguments": "C:\\Users\\Dechert\\.conda\\envs\\ml-agents\\Scripts\\mlagents-learn configuration.yaml --run-id=V1",
        "mlagents_version": "0.23.0",
        "mlagents_envs_version": "0.23.0",
        "communication_protocol_version": "1.3.0",
        "pytorch_version": "1.6.0",
        "numpy_version": "1.18.5",
        "end_time_seconds": "1609628687"
    },
    "total": 3861.6012668000003,
    "count": 1,
    "self": 0.007452000000284897,
    "children": {
        "run_training.setup": {
            "total": 0.013961700000000299,
            "count": 1,
            "self": 0.013961700000000299
        },
        "TrainerController.start_learning": {
            "total": 3861.5798531,
            "count": 1,
            "self": 0.7832351000001836,
            "children": {
                "TrainerController._reset_env": {
                    "total": 39.8519109,
                    "count": 1,
                    "self": 39.8519109
                },
                "TrainerController.advance": {
                    "total": 3820.7987955,
                    "count": 26548,
                    "self": 0.41411489999563855,
                    "children": {
                        "env_step": {
                            "total": 3820.3846806000042,
                            "count": 26548,
                            "self": 3804.4330676999734,
                            "children": {
                                "SubprocessEnvManager._take_step": {
                                    "total": 15.526712200034495,
                                    "count": 26548,
                                    "self": 1.0059510000171485,
                                    "children": {
                                        "TorchPolicy.evaluate": {
                                            "total": 14.520761200017347,
                                            "count": 13274,
                                            "self": 2.495546600049046,
                                            "children": {
                                                "TorchPolicy.sample_actions": {
                                                    "total": 12.0252145999683,
                                                    "count": 13274,
                                                    "self": 12.0252145999683
                                                }
                                            }
                                        }
                                    }
                                },
                                "workers": {
                                    "total": 0.4249006999964564,
                                    "count": 26547,
                                    "self": 0.0,
                                    "children": {
                                        "worker_root": {
                                            "total": 3820.5710317000116,
                                            "count": 26547,
                                            "is_parallel": true,
                                            "self": 40.46632830005092,
                                            "children": {
                                                "steps_from_proto": {
                                                    "total": 0.0003527000000005387,
                                                    "count": 1,
                                                    "is_parallel": true,
                                                    "self": 9.479999999939537e-05,
                                                    "children": {
                                                        "_process_vector_observation": {
                                                            "total": 0.0002579000000011433,
                                                            "count": 2,
                                                            "is_parallel": true,
                                                            "self": 0.0002579000000011433
                                                        }
                                                    }
                                                },
                                                "UnityEnvironment.step": {
                                                    "total": 3780.104350699961,
                                                    "count": 26547,
                                                    "is_parallel": true,
                                                    "self": 2.2281204000364596,
                                                    "children": {
                                                        "UnityEnvironment._generate_step_input": {
                                                            "total": 2.796296699969119,
                                                            "count": 26547,
                                                            "is_parallel": true,
                                                            "self": 2.796296699969119
                                                        },
                                                        "communicator.exchange": {
                                                            "total": 3770.1678302999517,
                                                            "count": 26547,
                                                            "is_parallel": true,