{
    "name": "root",
    "gauges": {
        "RobotArticulationMulti.Policy.Entropy.mean": {
            "value": -1.316268801689148,
            "min": -1.3420202732086182,
            "max": 1.4189382791519165,
            "count": 487
        },
        "RobotArticulationMulti.Environment.EpisodeLength.mean": {
            "value": 0.0,
            "min": 0.0,
            "max": 0.0,
            "count": 487
        },
        "RobotArticulationMulti.Policy.ExtrinsicValueEstimate.mean": {
            "value": 0.6224315166473389,
            "min": -0.00859574694186449,
            "max": 0.8548856973648071,
            "count": 487
        },
        "RobotArticulationMulti.Environment.CumulativeReward.mean": {
            "value": 0.6173179864138365,
            "min": 0.2907356408983469,
            "max": 0.876904920399189,
            "count": 487
        },
        "RobotArticulationMulti.Policy.ExtrinsicReward.mean": {
            "value": 0.6049716389179229,
            "min": 0.28492093354463577,
            "max": 0.8593668390512467,
            "count": 487
        },
        "RobotArticulationMulti.IsTraining.mean": {
            "value": 1.0,
            "min": 1.0,
            "max": 1.0,
            "count": 487
        },
        "RobotArticulationMulti.Losses.ValueLoss.mean": {
            "value": 0.0054531157948076725,
            "min": 0.0054531157948076725,
            "max": 0.10266256332397461,
            "count": 237
        },
        "RobotArticulationMulti.Losses.PolicyLoss.mean": {
            "value": 0.17026321589946747,
            "min": 0.05000874400138855,
            "max": 0.36314836144447327,
            "count": 237
        },
        "RobotArticulationMulti.Policy.LearningRate.mean": {
            "value": 0.0005143610760569572,
            "min": 0.0005143610760569572,
            "max": 0.0009979502065107226,
            "count": 237
        },
        "RobotArticulationMulti.Policy.Epsilon.mean": {
            "value": 0.17715416848659515,
            "min": 0.17715416848659515,
            "max": 0.24969248473644257,
            "count": 237
        },
        "RobotArticulationMulti.Policy.Beta.mean": {
            "value": 0.0005192174576222897,
            "min": 0.0005192174576222897,
            "max": 0.0009979706956073642,
            "count": 237
        }
    },
    "metadata": {
        "timer_format_version": "0.1.0",
        "start_time_seconds": "1609856696",
        "python_version": "3.7.9 (default, Aug 31 2020, 17:10:11) [MSC v.1916 64 bit (AMD64)]",
        "command_line_arguments": "C:\\Users\\Dechert\\.conda\\envs\\ml-agents\\Scripts\\mlagents-learn configuration.yaml --run-id=PPO_Tensorflow_V4_Multi",
        "mlagents_version": "0.23.0",
        "mlagents_envs_version": "0.23.0",
        "communication_protocol_version": "1.3.0",
        "pytorch_version": "1.6.0",
        "numpy_version": "1.18.5",
        "end_time_seconds": "1609878538"
    },
    "total": 21842.167497899998,
    "count": 1,
    "self": 0.006447299998399103,
    "children": {
        "run_training.setup": {
            "total": 0.012444799999999923,
            "count": 1,
            "self": 0.012444799999999923
        },
        "TrainerController.start_learning": {
            "total": 21842.1486058,
            "count": 1,
            "self": 27.24942630046644,
            "children": {
                "TrainerController._reset_env": {
                    "total": 10.635563,
                    "count": 1,
                    "self": 10.635563
                },
                "TrainerController.advance": {
                    "total": 21801.617946099534,
                    "count": 945957,
                    "self": 13.893191800074419,
                    "children": {
                        "env_step": {
                            "total": 21787.72475429946,
                            "count": 945957,
                            "self": 21404.800513697814,
                            "children": {
                                "SubprocessEnvManager._take_step": {
                                    "total": 369.02598920070784,
                                    "count": 945957,
                                    "self": 40.151976299753926,
                                    "children": {
                                        "TFPolicy.evaluate": {
                                            "total": 328.8740129009539,
                                            "count": 480374,
                                            "self": 328.8740129009539
                                        }
                                    }
                                },
                                "workers": {
                                    "total": 13.898251400936804,
                                    "count": 945956,
                                    "self": 0.0,
                                    "children": {
                                        "worker_root": {
                                            "total": 21804.101022299223,
                                            "count": 945956,
                                            "is_parallel": true,
                                            "self": 1385.2891865001693,
                                            "children": {
                                                "steps_from_proto": {
                                                    "total": 0.0003022999999995335,
                                                    "count": 1,
                                                    "is_parallel": true,
                                                    "self": 8.739999999818338e-05,
                                                    "children": {
                                                        "_process_vector_observation": {
                                                            "total": 0.00021490000000135012,
                                                            "count": 2,
                                                            "is_parallel": true,
                                                            "self": 0.00021490000000135012
                                                        }
                                                    }
                                                },
                                                "UnityEnvironment.step": {
                                                    "total": 20418.811533499054,
                                                    "count": 945956,
                                                    "is_parallel": true,
                                                    "self": 66.62218799975744,
                                                    "children": {
                                                        "UnityEnvironment._generate_step_input": {
                                                            "total": 81.03072550076092,
                                                            "count": 945956,
                                                            "is_parallel": true,
                                                            "self": 81.03072550076092
                                                        },
                                                        "communicator.exchange": {
                                                            "total": 20113.668059998978,
                                                            "count": 945956,
                                                            "is_parallel": true,
                                                            "self": 20113.668059998978
                                                        },
                                                        "steps_from_proto": {
                                                            "total": 157.49055999955837,