{
    "name": "root",
    "gauges": {
        "RobotArticulationMulti.Policy.Entropy.mean": {
            "value": 0.9046158194541931,
            "min": 0.9046158194541931,
            "max": 1.4199658632278442,
            "count": 55
        },
        "RobotArticulationMulti.Environment.EpisodeLength.mean": {
            "value": 0.0,
            "min": 0.0,
            "max": 0.0,
            "count": 55
        },
        "RobotArticulationMulti.Policy.ExtrinsicValueEstimate.mean": {
            "value": 0.4420524537563324,
            "min": 0.09931791573762894,
            "max": 0.4465142786502838,
            "count": 55
        },
        "RobotArticulationMulti.Environment.CumulativeReward.mean": {
            "value": 0.4669417240321636,
            "min": 0.2684128191228863,
            "max": 0.46876264789700506,
            "count": 55
        },
        "RobotArticulationMulti.Policy.ExtrinsicReward.mean": {
            "value": 0.44359463335573673,
            "min": 0.25499217534387436,
            "max": 0.4453245106786489,
            "count": 55
        },
        "RobotArticulationMulti.Losses.ValueLoss.mean": {
            "value": 0.004541689530014992,
            "min": 0.0043134065344929695,
            "max": 0.36836889386177063,
            "count": 55
        },
        "RobotArticulationMulti.Losses.PolicyLoss.mean": {
            "value": 0.04688584432005882,
            "min": 0.03181663155555725,
            "max": 0.08507222682237625,
            "count": 55
        },
        "RobotArticulationMulti.Policy.LearningRate.mean": {
            "value": 0.00039069101330824196,
            "min": 0.00039069101330824196,
            "max": 0.000498971960041672,
            "count": 55
        },
        "RobotArticulationMulti.Policy.Epsilon.mean": {
            "value": 0.10000000149011612,
            "min": 0.10000000149011612,
            "max": 0.10000000149011612,
            "count": 55
        },
        "RobotArticulationMulti.Policy.Beta.mean": {
            "value": 0.0007835682481527328,
            "min": 0.0007835682481527328,
            "max": 0.0009979645255953074,
            "count": 55
        },
        "RobotArticulationMulti.IsTraining.mean": {
            "value": 1.0,
            "min": 1.0,
            "max": 1.0,
            "count": 55
        }
    },
    "metadata": {
        "timer_format_version": "0.1.0",
        "start_time_seconds": "1610024541",
        "python_version": "3.7.9 (default, Aug 31 2020, 17:10:11) [MSC v.1916 64 bit (AMD64)]",
        "command_line_arguments": "C:\\Users\\Dechert\\.conda\\envs\\ml-agent-unity\\Scripts\\mlagents-learn configuration.yaml --run-id=V4",
        "mlagents_version": "0.23.0",
        "mlagents_envs_version": "0.23.0",
        "communication_protocol_version": "1.3.0",
        "pytorch_version": "1.7.1+cu110",
        "numpy_version": "1.18.5",
        "end_time_seconds": "1610027171"
    },
    "total": 2629.9816677999997,
    "count": 1,
    "self": 0.013826899999912712,
    "children": {
        "run_training.setup": {
            "total": 0.013142899999999624,
            "count": 1,
            "self": 0.013142899999999624
        },
        "TrainerController.start_learning": {
            "total": 2629.954698,
            "count": 1,
            "self": 3.348284199992122,
            "children": {
                "TrainerController._reset_env": {
                    "total": 11.1681186,
                    "count": 1,
                    "self": 11.1681186
                },
                "TrainerController.advance": {
                    "total": 2614.942472200008,
                    "count": 107372,
                    "self": 1.6037355999606007,
                    "children": {
                        "env_step": {
                            "total": 2613.3387366000475,
                            "count": 107372,
                            "self": 2566.577179300053,
                            "children": {
                                "SubprocessEnvManager._take_step": {
                                    "total": 45.13484020003209,
                                    "count": 107372,
                                    "self": 5.121124400090729,
                                    "children": {
                                        "TFPolicy.evaluate": {
                                            "total": 40.01371579994136,
                                            "count": 54427,
                                            "self": 40.01371579994136
                                        }
                                    }
                                },
                                "workers": {
                                    "total": 1.6267170999622724,
                                    "count": 107371,
                                    "self": 0.0,
                                    "children": {
                                        "worker_root": {
                                            "total": 2616.0052608000105,
                                            "count": 107371,
                                            "is_parallel": true,
                                            "self": 168.59578930004227,
                                            "children": {
                                                "steps_from_proto": {
                                                    "total": 0.0004540000000012867,
                                                    "count": 1,
                                                    "is_parallel": true,
                                                    "self": 0.00011380000000116297,
                                                    "children": {
                                                        "_process_vector_observation": {
                                                            "total": 0.00034020000000012374,
                                                            "count": 2,
                                                            "is_parallel": true,
                                                            "self": 0.00034020000000012374
                                                        }
                                                    }
                                                },
                                                "UnityEnvironment.step": {
                                                    "total": 2447.4090174999683,
                                                    "count": 107371,
                                                    "is_parallel": true,
                                                    "self": 10.499283099948116,
                                                    "children": {
                                                        "UnityEnvironment._generate_step_input": {
                                                            "total": 5.314853899947456,
                                                            "count": 107371,
                                                            "is_parallel": true,
                                                            "self": 5.314853899947456
                                                        },
                                                        "communicator.exchange": {
                                                            "total": 2411.358374100018,
                                                            "count": 107371,
                                                            "is_parallel": true,
                                                            "self": 2411.358374100018
                                                        },
                                                        "steps_from_proto": {
                                                            "total": 20.236506400054516,