{"cameraMode":{"drawMode":0,"name":"Shaded","section":"Shading Mode"},"sceneLighting":true,"audioPlay":false,"sceneViewState":{"showFog":true,"showMaterialUpdate":false,"showSkybox":true,"showFlares":true,"showImageEffects":true,"showParticleSystems":true},"in2DMode":false,"pivot":{"x":84.74623107910156,"y":-190.8377685546875,"z":331.6597900390625},"rotation":{"x":0.25255200266838076,"y":0.1031101867556572,"z":-0.027099542319774629,"w":0.9617179036140442},"size":201.8750457763672,"orthographic":false}