{"cameraMode":{"drawMode":0,"name":"Shaded","section":"Shading Mode"},"sceneLighting":true,"audioPlay":false,"sceneViewState":{"showFog":true,"showMaterialUpdate":false,"showSkybox":true,"showFlares":true,"showImageEffects":true,"showParticleSystems":true},"in2DMode":false,"pivot":{"x":39.451446533203128,"y":-18.382076263427736,"z":67.59934997558594},"rotation":{"x":0.13022102415561677,"y":0.15872448682785035,"z":-0.021151477470993997,"w":0.9784997701644898},"size":39.360538482666019,"orthographic":false}