{"cameraMode":{"drawMode":0,"name":"Shaded","section":"Shading Mode"},"sceneLighting":true,"audioPlay":false,"sceneViewState":{"showFog":true,"showMaterialUpdate":false,"showSkybox":true,"showFlares":true,"showImageEffects":true,"showParticleSystems":true},"in2DMode":false,"pivot":{"x":5.277582168579102,"y":30.243234634399415,"z":250.00820922851563},"rotation":{"x":-0.05664682388305664,"y":-0.022142894566059114,"z":-0.001325536402873695,"w":0.9981836080551148},"size":128.1042938232422,"orthographic":false}