{"cameraMode":{"drawMode":0,"name":"Shaded","section":"Shading Mode"},"sceneLighting":true,"audioPlay":false,"sceneViewState":{"showFog":true,"showMaterialUpdate":false,"showSkybox":true,"showFlares":true,"showImageEffects":true,"showParticleSystems":true},"in2DMode":false,"pivot":{"x":-6.409451007843018,"y":-5.1561102867126469,"z":22.717857360839845},"rotation":{"x":0.13917183876037599,"y":0.05078868567943573,"z":-0.0071520269848406319,"w":0.9889516234397888},"size":13.283446311950684,"orthographic":false}