{"cameraMode":{"drawMode":0,"name":"Shaded","section":"Shading Mode"},"sceneLighting":true,"audioPlay":false,"sceneViewState":{"showFog":true,"showMaterialUpdate":false,"showSkybox":true,"showFlares":true,"showImageEffects":true,"showParticleSystems":true},"in2DMode":false,"pivot":{"x":3.185667037963867,"y":-7.800307273864746,"z":26.135839462280275},"rotation":{"x":-0.15958097577095033,"y":-0.08075636625289917,"z":0.013099627569317818,"w":-0.9837905168533325},"size":17.04751968383789,"orthographic":false}