{
    "name": "root",
    "metadata": {
        "timer_format_version": "0.1.0",
        "start_time_seconds": "1609771638",
        "python_version": "3.7.9 (default, Aug 31 2020, 17:10:11) [MSC v.1916 64 bit (AMD64)]",
        "command_line_arguments": "C:\\Users\\Dechert\\.conda\\envs\\ml-agents\\Scripts\\mlagents-learn configuration.yaml --run-id=PPO_Tensorflow_V2",
        "mlagents_version": "0.23.0",
        "mlagents_envs_version": "0.23.0",
        "communication_protocol_version": "1.3.0",
        "pytorch_version": "1.6.0",
        "numpy_version": "1.18.5",
        "end_time_seconds": "1609788170"
    },
    "total": 16532.587979599997,
    "count": 1,
    "self": 0.006012599995301571,
    "children": {
        "run_training.setup": {
            "total": 0.012925800000000098,
            "count": 1,
            "self": 0.012925800000000098
        },
        "TrainerController.start_learning": {
            "total": 16532.5690412,
            "count": 1,
            "self": 5.063941999971576,
            "children": {
                "TrainerController._reset_env": {
                    "total": 18.6583659,
                    "count": 1,
                    "self": 18.6583659
                },
                "TrainerController.advance": {
                    "total": 16505.77010920003,
                    "count": 168240,
                    "self": 2.5225604001097963,
                    "children": {
                        "env_step": {
                            "total": 16503.24754879992,
                            "count": 168240,
                            "self": 16435.815702800097,
                            "children": {
                                "SubprocessEnvManager._take_step": {
                                    "total": 64.85878860005359,
                                    "count": 168240,
                                    "self": 7.496143799803292,
                                    "children": {
                                        "TFPolicy.evaluate": {
                                            "total": 57.362644800250294,
                                            "count": 84119,
                                            "self": 57.362644800250294
                                        }
                                    }
                                },
                                "workers": {
                                    "total": 2.573057399770306,
                                    "count": 168239,
                                    "self": 0.0,
                                    "children": {
                                        "worker_root": {
                                            "total": 16447.129008100284,
                                            "count": 168239,
                                            "is_parallel": true,
                                            "self": 224.6762539003921,
                                            "children": {
                                                "steps_from_proto": {
                                                    "total": 0.0002211999999985892,
                                                    "count": 1,
                                                    "is_parallel": true,
                                                    "self": 7.540000000005875e-05,
                                                    "children": {
                                                        "_process_vector_observation": {
                                                            "total": 0.00014579999999853044,
                                                            "count": 2,
                                                            "is_parallel": true,
                                                            "self": 0.00014579999999853044
                                                        }
                                                    }
                                                },
                                                "UnityEnvironment.step": {
                                                    "total": 16222.452532999892,
                                                    "count": 168239,
                                                    "is_parallel": true,
                                                    "self": 12.308092600216696,
                                                    "children": {
                                                        "UnityEnvironment._generate_step_input": {
                                                            "total": 14.885899799964388,
                                                            "count": 168239,
                                                            "is_parallel": true,
                                                            "self": 14.885899799964388
                                                        },
                                                        "communicator.exchange": {
                                                            "total": 16166.321045900078,
                                                            "count": 168239,
                                                            "is_parallel": true,
                                                            "self": 16166.321045900078
                                                        },
                                                        "steps_from_proto": {
                                                            "total": 28.937494699633064,
                                                            "count": 168237,
                                                            "is_parallel": true,
                                                            "self": 11.695301499636464,
                                                            "children": {
                                                                "_process_vector_observation": {
                                                                    "total": 17.2421931999966,
                                                                    "count": 336474,
                                                                    "is_parallel": true,
                                                                    "self": 17.2421931999966
                                                                }
                                                            }
                                                        }
                                                    }
                                                }
                                            }
                                        }
                                    }
                                }
                            }
                        }
                    }
                },
                "TrainerController._save_models": {
                    "total": 3.0766240999982983,
                    "count": 1,
                    "self": 0.004258199998730561,
                    "children": {
                        "RLTrainer._checkpoint": {
                            "total": 3.0723658999995678,
                            "count": 1,
                            "self": 3.0723658999995678
                        }
                    }
                }
            }
        }
    }
}