{
    "name": "root",
    "gauges": {
        "RobotArticulation.Policy.Entropy.mean": {
            "value": 0.1951756626367569,
            "min": 0.1951756626367569,
            "max": 1.4189382791519165,
            "count": 100
        },
        "RobotArticulation.Environment.EpisodeLength.mean": {
            "value": 0.0,
            "min": 0.0,
            "max": 0.0,
            "count": 100
        },
        "RobotArticulation.Policy.ExtrinsicValueEstimate.mean": {
            "value": 0.7307866215705872,
            "min": 0.010610873810946941,
            "max": 0.7398293614387512,
            "count": 100
        },
        "RobotArticulation.Environment.CumulativeReward.mean": {
            "value": 0.7451521638780833,
            "min": 0.2934293328970671,
            "max": 0.7544390697330237,
            "count": 100
        },
        "RobotArticulation.Policy.ExtrinsicReward.mean": {
            "value": 0.7302491344213485,
            "min": 0.2875607520788908,
            "max": 0.7393503027260303,
            "count": 100
        },
        "RobotArticulation.IsTraining.mean": {
            "value": 1.0,
            "min": 1.0,
            "max": 1.0,
            "count": 100
        },
        "RobotArticulation.Losses.ValueLoss.mean": {
            "value": 0.03693529963493347,
            "min": 0.035546015948057175,
            "max": 0.07294274866580963,
            "count": 48
        },
        "RobotArticulation.Losses.PolicyLoss.mean": {
            "value": 0.061838388442993164,
            "min": 0.050261665135622025,
            "max": 0.08429986983537674,
            "count": 48
        },
        "RobotArticulation.Policy.LearningRate.mean": {
            "value": 1.6480129488627426e-05,
            "min": 1.6480129488627426e-05,
            "max": 0.0009795100195333362,
            "count": 48
        },
        "RobotArticulation.Policy.Epsilon.mean": {
            "value": 0.10247200727462769,
            "min": 0.10247200727462769,
            "max": 0.24692653119564056,
            "count": 48
        },
        "RobotArticulation.Policy.Beta.mean": {
            "value": 2.6315230570617132e-05,
            "min": 2.6315230570617132e-05,
            "max": 0.0009797150269150734,
            "count": 48
        }
    },
    "metadata": {
        "timer_format_version": "0.1.0",
        "start_time_seconds": "1609711857",
        "python_version": "3.7.9 (default, Aug 31 2020, 17:10:11) [MSC v.1916 64 bit (AMD64)]",
        "command_line_arguments": "C:\\Users\\Dechert\\.conda\\envs\\ml-agents\\Scripts\\mlagents-learn configuration.yaml --run-id=PPO_Tensorflow",
        "mlagents_version": "0.23.0",
        "mlagents_envs_version": "0.23.0",
        "communication_protocol_version": "1.3.0",
        "pytorch_version": "1.6.0",
        "numpy_version": "1.18.5",
        "end_time_seconds": "1609734717"
    },
    "total": 22859.4927185,
    "count": 1,
    "self": 0.0196892000058142,
    "children": {
        "run_training.setup": {
            "total": 0.013476800000000289,
            "count": 1,
            "self": 0.013476800000000289
        },
        "TrainerController.start_learning": {
            "total": 22859.459552499997,
            "count": 1,
            "self": 6.091660099107685,
            "children": {
                "TrainerController._reset_env": {
                    "total": 10.6347278,
                    "count": 1,
                    "self": 10.6347278
                },
                "TrainerController.advance": {
                    "total": 22840.359223400887,
                    "count": 200013,
                    "self": 3.2050691009462753,
                    "children": {
                        "env_step": {
                            "total": 22837.15415429994,
                            "count": 200013,
                            "self": 22757.694380899593,
                            "children": {
                                "SubprocessEnvManager._take_step": {
                                    "total": 76.36349920041977,
                                    "count": 200013,
                                    "self": 8.502603400355682,
                                    "children": {
                                        "TFPolicy.evaluate": {
                                            "total": 67.86089580006409,
                                            "count": 100007,
                                            "self": 67.86089580006409
                                        }
                                    }
                                },
                                "workers": {
                                    "total": 3.096274199926624,
                                    "count": 200013,
                                    "self": 0.0,
                                    "children": {
                                        "worker_root": {
                                            "total": 22840.625565199876,
                                            "count": 200013,
                                            "is_parallel": true,
                                            "self": 273.5178808993769,
                                            "children": {
                                                "steps_from_proto": {
                                                    "total": 0.0002659000000004852,
                                                    "count": 1,
                                                    "is_parallel": true,
                                                    "self": 8.6600000001269e-05,
                                                    "children": {
                                                        "_process_vector_observation": {
                                                            "total": 0.0001792999999992162,
                                                            "count": 2,
                                                            "is_parallel": true,
                                                            "self": 0.0001792999999992162
                                                        }
                                                    }
                                                },
                                                "UnityEnvironment.step": {
                                                    "total": 22567.1074184005,
                                                    "count": 200013,
                                                    "is_parallel": true,
                                                    "self": 16.440455499949167,
                                                    "children": {
                                                        "UnityEnvironment._generate_step_input": {
                                                            "total": 19.507071599679254,
                                                            "count": 200013,
                                                            "is_parallel": true,
                                                            "self": 19.507071599679254
                                                        },
                                                        "communicator.exchange": {
                                                            "total": 22495.83961100035,
                                                            "count": 200013,
                                                            "is_parallel": true,
                                                            "self": 22495.83961100035
                                                        },
                                                        "steps_from_proto": {
                                                            "total": 35.32028030052347,
                                                            "count": 200013,