{
    "name": "root",
    "metadata": {
        "timer_format_version": "0.1.0",
        "start_time_seconds": "1609942218",
        "python_version": "3.7.9 (default, Aug 31 2020, 17:10:11) [MSC v.1916 64 bit (AMD64)]",
        "command_line_arguments": "C:\\Users\\Dechert\\.conda\\envs\\ml-agents\\Scripts\\mlagents-learn configuration.yaml --run-id=V1",
        "mlagents_version": "0.23.0",
        "mlagents_envs_version": "0.23.0",
        "communication_protocol_version": "1.3.0",
        "pytorch_version": "1.6.0",
        "numpy_version": "1.18.5",
        "end_time_seconds": "1609942261"
    },
    "total": 42.4160917,
    "count": 1,
    "self": 0.006001000000004808,
    "children": {
        "run_training.setup": {
            "total": 0.013387099999999652,
            "count": 1,
            "self": 0.013387099999999652
        },
        "TrainerController.start_learning": {
            "total": 42.396703599999995,
            "count": 1,
            "self": 0.04728509999991104,
            "children": {
                "TrainerController._reset_env": {
                    "total": 7.7081245,
                    "count": 1,
                    "self": 7.7081245
                },
                "TrainerController.advance": {
                    "total": 34.562437400000086,
                    "count": 1616,
                    "self": 0.022302600000166706,
                    "children": {
                        "env_step": {
                            "total": 34.54013479999992,
                            "count": 1616,
                            "self": 33.83245149999995,
                            "children": {
                                "SubprocessEnvManager._take_step": {
                                    "total": 0.6854213000000104,
                                    "count": 1616,
                                    "self": 0.05322650000007201,
                                    "children": {
                                        "TorchPolicy.evaluate": {
                                            "total": 0.6321947999999384,
                                            "count": 816,
                                            "self": 0.15366069999996412,
                                            "children": {
                                                "TorchPolicy.sample_actions": {
                                                    "total": 0.4785340999999743,
                                                    "count": 816,
                                                    "self": 0.4785340999999743
                                                }
                                            }
                                        }
                                    }
                                },
                                "workers": {
                                    "total": 0.022261999999956927,
                                    "count": 1615,
                                    "self": 0.0,
                                    "children": {
                                        "worker_root": {
                                            "total": 34.71280400000006,
                                            "count": 1615,
                                            "is_parallel": true,
                                            "self": 2.252417499999993,
                                            "children": {
                                                "steps_from_proto": {
                                                    "total": 0.0003544999999993692,
                                                    "count": 1,
                                                    "is_parallel": true,
                                                    "self": 8.509999999883888e-05,
                                                    "children": {
                                                        "_process_vector_observation": {
                                                            "total": 0.0002694000000005303,
                                                            "count": 2,
                                                            "is_parallel": true,
                                                            "self": 0.0002694000000005303
                                                        }
                                                    }
                                                },
                                                "UnityEnvironment.step": {
                                                    "total": 32.46003200000007,
                                                    "count": 1615,
                                                    "is_parallel": true,
                                                    "self": 0.12319510000014589,
                                                    "children": {
                                                        "UnityEnvironment._generate_step_input": {
                                                            "total": 0.1459983999999359,
                                                            "count": 1615,
                                                            "is_parallel": true,
                                                            "self": 0.1459983999999359
                                                        },
                                                        "communicator.exchange": {
                                                            "total": 31.91312260000003,
                                                            "count": 1615,
                                                            "is_parallel": true,
                                                            "self": 31.91312260000003
                                                        },
                                                        "steps_from_proto": {
                                                            "total": 0.2777158999999578,
                                                            "count": 1615,
                                                            "is_parallel": true,
                                                            "self": 0.10931140000001616,
                                                            "children": {
                                                                "_process_vector_observation": {
                                                                    "total": 0.16840449999994167,
                                                                    "count": 3230,
                                                                    "is_parallel": true,
                                                                    "self": 0.16840449999994167
                                                                }
                                                            }
                                                        }
                                                    }
                                                }
                                            }
                                        }
                                    }
                                }
                            }
                        }
                    }
                },
                "trainer_threads": {
                    "total": 3.0799999997555005e-05,
                    "count": 1,
                    "self": 3.0799999997555005e-05,
                    "children": {
                        "thread_root": {
                            "total": 0.0,
                            "count": 0,
                            "is_parallel": true,
                            "self": 0.0,
                            "children": {
                                "trainer_advance": {
                                    "total": 34.54866430000003,